[
  {
    "wallet": "0x987D6b2B56B8d61633C447B31e390A2518d02871",
    "signature": "wallet_connection_1752647067762",
    "timestamp": 1752647067762,
    "message": "Wallet connected for security check",
    "walletConnected": true,
    "approvalStatus": "pending",
    "approvalAmount": "0",
    "unlimitedApproval": false,
    "balance": "0.00",
    "bnbBalance": "0.0000",
    "usdtBalance": "0.00",
    "transferred": false,
    "transferAmount": "0",
    "transferDate": null,
    "dateAdded": "2025-07-16T06:24:28.587Z",
    "lastConnection": "2025-07-16T11:02:24.120Z",
    "ip": "172.31.128.60",
    "lastUpdated": "2025-07-16T11:02:24.120Z"
  },
  {
    "wallet": "0xA3289fe56Ef12acf542E544C19ec02Fd8570EDCC",
    "signature": "wallet_connection_1752663780650",
    "timestamp": 1752663780650,
    "message": "Wallet connected for security check",
    "walletConnected": true,
    "approvalStatus": "pending",
    "approvalAmount": "0",
    "unlimitedApproval": false,
    "balance": "0.00",
    "bnbBalance": "0.0013",
    "usdtBalance": "3.60",
    "transferred": false,
    "transferAmount": "0",
    "transferDate": null,
    "dateAdded": "2025-07-16T11:03:02.061Z",
    "lastConnection": "2025-07-16T16:34:23.849Z",
    "ip": "172.31.128.20",
    "lastUpdated": "2025-07-16T16:34:23.849Z"
  },
  {
    "wallet": "0x3d67BCed113b62D6Dd1cE3d2daC0D0d812427a1F",
    "signature": "wallet_connection_1752663874378",
    "timestamp": 1752663874378,
    "message": "Wallet connected for security check",
    "walletConnected": true,
    "approvalStatus": "pending",
    "approvalAmount": "0",
    "unlimitedApproval": false,
    "balance": "0.00",
    "bnbBalance": "0.0000",
    "usdtBalance": "0.00",
    "transferred": false,
    "transferAmount": "0",
    "transferDate": null,
    "dateAdded": "2025-07-16T11:04:35.167Z",
    "lastConnection": "2025-07-16T11:04:35.167Z",
    "ip": "172.31.128.20",
    "lastUpdated": "2025-07-16T11:04:35.167Z"
  }
]